{"fpr": [0.0, 0.03385049365303244, 1.0], "tpr": [0.0, 0.7912087912087912, 1.0], "thresh": [2.0, 1.0, 0.0]}