{"fpr": [0.0, 0.0, 0.0, 0.0, 0.0, 0.0007052186177715092, 0.0007052186177715092, 0.0007052186177715092, 0.0014104372355430183, 0.0014104372355430183, 0.0021156558533145277, 0.0021156558533145277, 0.0028208744710860366, 0.003526093088857546, 0.003526093088857546, 0.003526093088857546, 0.004936530324400564, 0.004936530324400564, 0.006346967559943582, 0.006346967559943582, 0.007052186177715092, 0.009167842031029619, 0.009873060648801129, 0.009873060648801129, 0.010578279266572637, 0.012693935119887164, 0.014104372355430184, 0.014809590973201692, 0.01692524682651622, 0.018335684062059238, 0.020451339915373765, 0.023977433004231313, 0.02679830747531735, 0.030324400564174896, 0.03455571227080395, 0.04231311706629055, 0.05077574047954866, 0.056417489421720736, 0.076163610719323, 0.09590973201692525, 0.114950634696756, 0.1375176304654443, 0.16784203102961917, 0.21297602256699577, 0.2764456981664316, 0.37940761636107195, 0.5980253878702397, 1.0], "tpr": [0.0, 0.016483516483516484, 0.027472527472527472, 0.054945054945054944, 0.07692307692307693, 0.10989010989010989, 0.13736263736263737, 0.17032967032967034, 0.19230769230769232, 0.22527472527472528, 0.25824175824175827, 0.3131868131868132, 0.34615384615384615, 0.38461538461538464, 0.4065934065934066, 0.4340659340659341, 0.5, 0.5164835164835165, 0.5439560439560439, 0.5494505494505495, 0.5659340659340659, 0.5769230769230769, 0.5989010989010989, 0.6153846153846154, 0.6263736263736264, 0.6538461538461539, 0.6758241758241759, 0.6978021978021978, 0.7197802197802198, 0.7472527472527473, 0.7692307692307693, 0.7857142857142857, 0.8076923076923077, 0.8351648351648352, 0.8516483516483516, 0.8791208791208791, 0.8846153846153846, 0.8846153846153846, 0.9175824175824175, 0.9285714285714286, 0.945054945054945, 0.9615384615384616, 0.9725274725274725, 0.9835164835164835, 0.989010989010989, 0.9945054945054945, 1.0, 1.0], "thresh": [1.96, 0.96, 0.94, 0.92, 0.9, 0.88, 0.86, 0.84, 0.82, 0.8, 0.78, 0.76, 0.74, 0.72, 0.7, 0.68, 0.64, 0.62, 0.6, 0.58, 0.56, 0.54, 0.52, 0.5, 0.48, 0.46, 0.44, 0.42, 0.4, 0.38, 0.36, 0.34, 0.32, 0.3, 0.28, 0.26, 0.24, 0.22, 0.18, 0.16, 0.14, 0.12, 0.1, 0.08, 0.06, 0.04, 0.02, 0.0]}